UsageClass	CheckoutType	MaterialType	CheckoutYear	CheckoutMonth	Checkouts	Title	ISBN	Creator	Subjects	Publisher	PublicationYear
Digital	OverDrive	AUDIOBOOK	2020	6	2	You're More Powerful Than You Think: A Citizen's Guide to Making Change Happen (unabridged) (Unabridged)		Eric Liu	Nonfiction, Politics	Blackstone Audio, Inc.	2017
Digital	OverDrive	AUDIOBOOK	2020	6	2	The Great Debate: Edmund Burke, Thomas Paine, and the Birth of Right and Left (unabridged) (Unabridged)		Yuval Levin	Nonfiction, Politics	Blackstone Audio, Inc.	2014
Digital	OverDrive	EBOOK	2020	6	1	People Get Ready: The Fight Against a Jobless Economy and a Citizenless Democracy		Robert W McChesney	Nonfiction, Politics	Hachette Digital, Inc.	2016
Digital	OverDrive	AUDIOBOOK	2020	6	2	C Street: The Fundamentalist Threat to American Democracy (unabridged) (Unabridged)		Jeff Sharlet	Nonfiction, Politics	Hachette Audio	2013
Digital	OverDrive	AUDIOBOOK	2020	6	1	Black Flags: The Rise of ISIS (unabridged) (Unabridged)		Joby Warrick	Nonfiction, Politics	Books on Tape	2015
Digital	OverDrive	AUDIOBOOK	2020	6	54	A Very Stable Genius: Donald J. Trump's Testing of America (unabridged) (Unabridged)		Philip Rucker	Nonfiction, Politics	Books on Tape	2020
Digital	OverDrive	AUDIOBOOK	2020	6	1	The Plot to Hack America: How Putin's Cyberspies and Wikileaks Tried to Steal the 2016 Election (unabridged) (Unabridged)		Malcolm Nance	Nonfiction, Politics	Author's Republic	2017
Digital	OverDrive	EBOOK	2020	6	1	Thin Blue Lie: The Failure of High-Tech Policing		Matt Stroud	Nonfiction, Politics	Macmillan Publishers	2019
Digital	OverDrive	AUDIOBOOK	2020	6	1	The Roots of Obama's Rage (Unabridged)		Dinesh D'Souza	Nonfiction, Politics	Blackstone Audio, Inc.	2010
Digital	OverDrive	AUDIOBOOK	2020	6	1	Socialism Sucks: Two Economists Drink Their Way Through the Unfree World (unabridged) (Unabridged)		Robert Lawson	Nonfiction, Politics	Dreamscape Media, LLC	2019
Digital	OverDrive	EBOOK	2020	6	1	This Time We Went Too Far: Truth and Consequences of the Gaza Invasion		Norman G. Finkelstein	Nonfiction, Politics	OR Books LLC	2012
Digital	OverDrive	EBOOK	2020	6	1	Ratf**ked: Why Your Vote Doesn't Count		David Daley	Nonfiction, Politics	W. W. Norton & Company	2016
Digital	OverDrive	AUDIOBOOK	2020	6	1	Big Agenda: President Trump's Plan to Save America (unabridged) (Unabridged)		David Horowitz	Nonfiction, Politics	Dreamscape Media, LLC	2017
Digital	OverDrive	EBOOK	2020	6	2	Affairs of State: The Untold History of Presidential Love, Sex, and Scandal, 1789–1900		Robert P. Watson	Nonfiction, Politics	Rowman and Littlefield Publishing Group	2013
Digital	OverDrive	AUDIOBOOK	2020	6	3	Death of the Liberal Class (Unabridged)		Chris Hedges	Nonfiction, Politics	Dreamscape Media, LLC	2011
Digital	OverDrive	EBOOK	2020	6	2	Supreme Ambition: Brett Kavanaugh and the Conservative Takeover		Ruth Marcus	Nonfiction, Politics	Simon & Schuster, Inc.	2019
Digital	OverDrive	AUDIOBOOK	2020	6	2	Words Will Break Cement: The Passion of Pussy Riot (unabridged) (Unabridged)		Masha Gessen	Nonfiction, Politics	Blackstone Audio, Inc.	2014
Digital	OverDrive	EBOOK	2020	6	2	Bullies: How the Left's Culture of Fear and Intimidation Silences Americans		Ben Shapiro	Nonfiction, Politics	Simon & Schuster, Inc.	2019
Digital	OverDrive	EBOOK	2020	6	8	Donald Trump and His Assault on Truth: The President's Falsehoods, Misleading Claims and Flat-Out Lies		The Washington Post Fact Checker Staff	Nonfiction, Politics	Simon & Schuster, Inc.	2020
Digital	OverDrive	EBOOK	2020	6	1	America at War with Itself		Henry A. Giroux	Nonfiction, Politics	Lightning Source Inc	2016
Digital	OverDrive	EBOOK	2020	6	4	Letters to a Young Contrarian		Christopher Hitchens	Nonfiction, Politics	Hachette Digital, Inc.	2010
Digital	OverDrive	EBOOK	2020	6	7	One Person, No Vote: How Voter Suppression Is Destroying Our Democracy		Carol Anderson	Nonfiction, Politics	Bloomsbury USA	2018
Digital	OverDrive	EBOOK	2020	6	3	Death of a Nation: Plantation Politics and the Making of the Democratic Party		Dinesh D'Souza	Nonfiction, Politics	Macmillan Publishers	2018
Digital	OverDrive	EBOOK	2020	6	1	Ship of Fools: How a Selfish Ruling Class Is Bringing America to the Brink of Revolution		Tucker Carlson	Nonfiction, Politics	Simon & Schuster, Inc.	2018
Digital	OverDrive	AUDIOBOOK	2020	6	1	The Art of Political War and Other Radical Pursuits (Unabridged)		David Horowitz	Nonfiction, Politics	Blackstone Audio, Inc.	2008
Digital	OverDrive	AUDIOBOOK	2020	6	21	The Audacity of Hope: Thoughts on Reclaiming the American Dream (abridged) (Abridged)		Barack Obama	Nonfiction, Politics	Books on Tape	2006
Digital	OverDrive	EBOOK	2020	6	2	The Means of Reproduction: Sex, Power, and the Future of the World		Michelle Goldberg	Nonfiction, Politics	Penguin Group (USA), Inc.	2009
Digital	OverDrive	AUDIOBOOK	2020	6	1	The Story of Music: From Babylon to the Beatles; How Music Has Shaped Civilization (unabridged) (Unabridged)		Howard Goodall	Nonfiction, Politics	Blackstone Audio, Inc.	2014
Digital	OverDrive	AUDIOBOOK	2020	6	2	It's Even Worse Than It Looks: How the American Constitutional System Collided with the New Politics of Extremism (unabridged) (Unabridged)		Thomas E. Mann	Nonfiction, Politics	Blackstone Audio, Inc.	2016
Digital	OverDrive	EBOOK	2020	6	2	Power Wars: The Relentless Rise of Presidential Authority and Secrecy		Charlie Savage	Nonfiction, Politics	Hachette Digital, Inc.	2015
Digital	OverDrive	EBOOK	2020	6	1	Foreign Policy Begins at Home: The Case for Putting America's House in Order		Richard N. Haass	Nonfiction, Politics	Perseus Books Group	2013
Digital	OverDrive	EBOOK	2020	6	4	Running Against the Devil: A Republican Strategist's Plot to Save America from Trump— and the Democrats from Themselves		Rick Wilson	Nonfiction, Politics	Random House, Inc.	2020
Digital	OverDrive	EBOOK	2020	6	1	The American Bible: How Our Words Unite, Divide, and Define a Nation		Stephen Prothero	Nonfiction, Politics	HarperCollins Publishers Inc.	2012
Digital	OverDrive	EBOOK	2020	6	3	The MAGA Doctrine: The Only Ideas That Will Win the Future		Charlie Kirk	Nonfiction, Politics	HarperCollins Publishers Inc.	2020
Digital	OverDrive	EBOOK	2020	6	2	Demonic: How the Liberal Mob Is Endangering America		Ann Coulter	Nonfiction, Politics	Random House, Inc.	2011
Digital	OverDrive	EBOOK	2020	6	1	Finks: How the C.I.A. Tricked the World's Best Writers		Joel Whitney	Nonfiction, Politics	Perseus Books Group	2017
Digital	OverDrive	EBOOK	2020	6	2	The President's Book of Secrets: The Untold Story of Intelligence Briefings to America's Presidents from Kennedy to Obama		David Priess	Nonfiction, Politics	Hachette Digital, Inc.	2016
Digital	OverDrive	AUDIOBOOK	2020	6	1	Hacks: The Inside Story of the Break-ins and Breakdowns That Put Donald Trump in the White House (unabridged) (Unabridged)		Donna Brazile	Nonfiction, Politics	Hachette Audio	2017
Digital	OverDrive	EBOOK	2020	6	1	Never Play Dead: How the Truth Makes You Unstoppable		Tomi Lahren	Nonfiction, Politics	HarperCollins Publishers Inc.	2019
Digital	OverDrive	EBOOK	2020	6	2	The World As It Is: Dispatches on the Myth of Human Progress		Chris Hedges	Nonfiction, Politics	Hachette Digital, Inc.	2012
Digital	OverDrive	AUDIOBOOK	2020	6	4	Who Let the Dogs In?: Incredible Political Animals I Have Known (unabridged) (Unabridged)		Molly Ivins	Nonfiction, Politics	Books on Tape	2013
Digital	OverDrive	EBOOK	2020	6	1	DIY Resistance: 36 Ways to Fight Back!		Anthony Alvarado	Nonfiction, Politics	Random House, Inc.	2018
Digital	OverDrive	EBOOK	2020	6	1	The Secrets of the FBI		Ronald Kessler	Nonfiction, Politics	Random House, Inc.	2011
Digital	OverDrive	AUDIOBOOK	2020	6	1	Trump and the American Future: Solving the Great Problems of Our Time (unabridged) (Unabridged)		Newt Gingrich	Nonfiction, Politics	Blackstone Audio, Inc.	2020
Digital	OverDrive	AUDIOBOOK	2020	6	1	The Wise Men Know What Wicked Things Are Written on the Sky (Unabridged)		Russell Kirk	Nonfiction, Politics	Blackstone Audio, Inc.	2008
Digital	OverDrive	EBOOK	2020	6	24	Front Row at the Trump Show		Jonathan Karl	Nonfiction, Politics	Penguin Group (USA), Inc.	2020
Digital	OverDrive	AUDIOBOOK	2020	6	3	American Crusade: Our Fight to Stay Free (unabridged) (Unabridged)		Pete Hegseth	Nonfiction, Politics	Blackstone Audio, Inc.	2020
Digital	OverDrive	AUDIOBOOK	2020	6	1	Guilty by Reason of Insanity: Why The Democrats Must Not Win (unabridged) (Unabridged)		David Limbaugh	Nonfiction, Politics	Simon & Schuster - Audiobooks	2019
Digital	OverDrive	AUDIOBOOK	2020	6	7	Politics is for Power: How to Move Beyond Political Hobbyism, Take Action, and Make Real Change (unabridged) (Unabridged)		Eitan Hersh	Nonfiction, Politics	Simon & Schuster - Audiobooks	2020
Digital	OverDrive	EBOOK	2020	6	1	Liars, Leakers, and Liberals: The Case Against the Anti-Trump Conspiracy		Jeanine Pirro	Nonfiction, Politics	Hachette Digital, Inc.	2018
Digital	OverDrive	EBOOK	2020	6	1	Death of the Liberal Class		Chris Hedges	Nonfiction, Politics	Hachette Digital, Inc.	2010
Digital	OverDrive	EBOOK	2020	6	3	Anarchism and Other Essays		Emma Goldman	Nonfiction, Politics	Duke Classics	2020
Digital	OverDrive	EBOOK	2020	6	1	After the Ice: Life, Death, and Geopolitics in the New Arctic		Alun Anderson	Nonfiction, Politics	HarperCollins Publishers Inc.	2009
Digital	OverDrive	AUDIOBOOK	2020	6	1	This Land Is Their Land: Reports from a Divided Nation (unabridged) (Unabridged)		Barbara Ehrenreich	Nonfiction, Politics	Tantor Media, Inc	2008
Digital	OverDrive	AUDIOBOOK	2020	6	7	Why You Should Be a Socialist (Unabridged)		Nathan J. Robinson	Nonfiction, Politics	Macmillan Audio	2019
Digital	OverDrive	AUDIOBOOK	2020	6	1	Black Site: The CIA in the Post-9/11 World (unabridged) (Unabridged)		Philip Mudd	Nonfiction, Politics	HighBridge Company	2019
Digital	OverDrive	EBOOK	2020	6	1	Cracking the Code: How to Win Hearts, Change Minds, and Restore America's Original Vision		Thom Hartmann	Nonfiction, Politics	Berrett-Koehler Publishers, Inc.	2011
Digital	OverDrive	EBOOK	2020	6	3	It's Even Worse Than You Think: What the Trump Administration Is Doing to America		David Cay Johnston	Nonfiction, Politics	Simon & Schuster, Inc.	2018
Digital	OverDrive	AUDIOBOOK	2020	6	1	Where We Go from Here (Unabridged)		Bernie Sanders	Nonfiction, Politics	Macmillan Audio	2018
Digital	OverDrive	AUDIOBOOK	2020	6	2	The Republican Brain: The Science of Why They Deny Science--and Reality (unabridged) (Unabridged)		Chris Mooney	Nonfiction, Politics	Blackstone Audio, Inc.	2014
Digital	OverDrive	AUDIOBOOK	2020	6	1	The Post-American World (Unabridged)		Fareed Zakaria	Nonfiction, Politics	HighBridge Company	2015
Digital	OverDrive	AUDIOBOOK	2020	6	1	How to Think Seriously about the Planet: The Case for an Environmental Conservatism (unabridged) (Unabridged)		Roger Scruton	Nonfiction, Politics	Blackstone Audio, Inc.	2012
Digital	OverDrive	EBOOK	2020	6	1	Quicksand: America's Pursuit of Power in the Middle East		Geoffrey Wawro	Nonfiction, Politics	Penguin Group (USA), Inc.	2010
Digital	OverDrive	EBOOK	2020	6	3	Love Your Enemies: How Decent People Can Save America from the Culture of Contempt		Arthur C. Brooks	Nonfiction, Politics	HarperCollins Publishers Inc.	2019
Digital	OverDrive	AUDIOBOOK	2020	6	1	Mexifornia: A State of Becoming (unabridged) (Unabridged)		Victor Davis Hanson	Nonfiction, Politics	Blackstone Audio, Inc.	2005
Digital	OverDrive	EBOOK	2020	6	1	The Case Against Free Speech: The First Amendment, Fascism, and the Future of Dissent		P. E. Moskowitz	Nonfiction, Politics	Hachette Digital, Inc.	2019
Digital	OverDrive	EBOOK	2020	6	77	A Very Stable Genius: Donald J. Trump's Testing of America		Philip Rucker	Nonfiction, Politics	Penguin Group (USA), Inc.	2020
Digital	OverDrive	EBOOK	2020	6	1	Trump's Enemies: How the Deep State Is Undermining the Presidency		Corey R. Lewandowski	Nonfiction, Politics	Hachette Digital, Inc.	2018
Digital	OverDrive	EBOOK	2020	6	2	The Smallest Minority: Independent Thinking in the Age of Mob Politics		Kevin D. Williamson	Nonfiction, Politics	Simon & Schuster, Inc.	2019
Digital	OverDrive	AUDIOBOOK	2020	6	1	The Great Convergence: Asia, the West, and the Logic of One World (unabridged) (Unabridged)		Kishore Mahbubani	Nonfiction, Politics	Gildan Media Corp	2013
Digital	OverDrive	EBOOK	2020	6	3	Everything Trump Touches Dies: A Republican Strategist Gets Real About the Worst President Ever		Rick Wilson	Nonfiction, Politics	Simon & Schuster, Inc.	2018
Digital	OverDrive	EBOOK	2020	6	3	Will He Go?: Trump and the Looming Election Meltdown in 2020		Lawrence Douglas	Nonfiction, Politics	Hachette Digital, Inc.	2020
Digital	OverDrive	AUDIOBOOK	2020	6	1	It's Even Worse Than It Looks: How the American Constitutional System Collided with the New Politics of Extremism (unabridged) (Unabridged)		Thomas E. Mann	Nonfiction, Politics	Blackstone Audio, Inc.	2012
Digital	OverDrive	EBOOK	2020	6	1	Crisis of Character: A White House Secret Service Officer Discloses His Firsthand Experience with Hillary, Bill, and How They Operate		Gary J. Byrne	Nonfiction, Politics	Hachette Digital, Inc.	2016
Digital	OverDrive	AUDIOBOOK	2020	6	2	The Resilience Dividend: Being Strong in a World Where Things Go Wrong (unabridged) (Unabridged)		Judith Rodin	Nonfiction, Politics	Gildan Media Corp	2015
Digital	OverDrive	AUDIOBOOK	2020	6	3	Triggered: How the Left Thrives on Hate and Wants to Silence Us (unabridged) (Unabridged)		Donald Trump	Nonfiction, Politics	Blackstone Audio, Inc.	2019
Digital	OverDrive	EBOOK	2020	6	1	Revolutionary Love: A Political Manifesto to Heal and Transform the World		RABBI Michael Lerner	Nonfiction, Politics	University of California Press	2020
Digital	OverDrive	EBOOK	2020	6	1	Tomorrow Is Now		Eleanor Roosevelt	Nonfiction, Politics	Penguin Group (USA), Inc.	2013
Digital	OverDrive	AUDIOBOOK	2020	6	1	The Deep State: How an Army of Bureaucrats Protected Barack Obama and Is Working to Destroy the Trump Agenda (unabridged) (Unabridged)		Jason Chaffetz	Nonfiction, Politics	HarperCollins Publishers Inc.	2018
Digital	OverDrive	AUDIOBOOK	2020	6	1	Republican Like Me: How I Left the Liberal Bubble and Learned to Love the Right (unabridged) (Unabridged)		Ken Stern	Nonfiction, Politics	HarperCollins Publishers Inc.	2017
Digital	OverDrive	EBOOK	2020	6	1	"Guilty: Liberal ""Victims"" and Their Assault on America"		Ann Coulter	Nonfiction, Politics	Random House, Inc.	2009
Digital	OverDrive	EBOOK	2020	6	5	The Plot to Betray America: How Team Trump Embraced Our Enemies, Compromised Our Security, and How We Can Fix It		Malcolm Nance	Nonfiction, Politics	Hachette Digital, Inc.	2019
Digital	OverDrive	AUDIOBOOK	2020	6	3	Arguing with Socialists (Unabridged)		Glenn Beck	Nonfiction, Politics	Simon & Schuster - Audiobooks	2020
Digital	OverDrive	AUDIOBOOK	2020	6	2	Proof of Conspiracy: How Trump's International Collusion Is Threatening American Democracy (unabridged) (Unabridged)		Seth Abramson	Nonfiction, Politics	Macmillan Audio	2019
Digital	OverDrive	EBOOK	2020	6	1	Republic, Lost: How Money Corrupts Congress—and a Plan to Stop It		Lawrence Lessig	Nonfiction, Politics	Hachette Digital, Inc.	2013
Digital	OverDrive	AUDIOBOOK	2020	6	2	House of Trump, House of Putin: The Untold Story of Donald Trump and the Russian Mafia (unabridged) (Unabridged)		Craig Unger	Nonfiction, Politics	Books on Tape	2018
Digital	OverDrive	EBOOK	2020	6	3	Dead Aid: Why Aid Is Not Working and How There Is a Better Way for Africa		Dambisa Moyo	Nonfiction, Politics	Macmillan Publishers	2013
Digital	OverDrive	EBOOK	2020	6	1	Victory: The Triumphant Gay Revolution		Linda Hirshman	Nonfiction, Politics	HarperCollins Publishers Inc.	2012
Digital	OverDrive	EBOOK	2020	6	2	Masters of Mankind: Essays and Lectures, 1969-2013		Noam Chomsky	Nonfiction, Politics	Open Road Integrated Media	2017
Digital	OverDrive	AUDIOBOOK	2020	6	1	Never Play Dead: How the Truth Makes You Unstoppable (unabridged) (Unabridged)		Tomi Lahren	Nonfiction, Politics	HarperCollins Publishers Inc.	2019
Digital	OverDrive	EBOOK	2020	6	10	Un-Trumping America: A Plan to Make America a Democracy Again		Dan Pfeiffer	Nonfiction, Politics	Hachette Digital, Inc.	2020
Digital	OverDrive	AUDIOBOOK	2020	6	2	The Road to Wigan Pier (Unabridged)		George Orwell	Nonfiction, Politics	Blackstone Audio, Inc.	2008
Digital	OverDrive	EBOOK	2020	6	1	War with Russia?: From Putin & Ukraine to Trump & Russiagate		Stephen F. Cohen	Nonfiction, Politics	Simon & Schuster, Inc.	2019
Digital	OverDrive	EBOOK	2020	6	3	The Accidental Superpower: The Next Generation of American Preeminence and the Coming Global Disorder		Mr. Peter Zeihan	Nonfiction, Politics	Hachette Digital, Inc.	2015
Digital	OverDrive	AUDIOBOOK	2020	6	2	No Is Not Enough: Resisting Trump's Shock Politics and Winning the World We Need (unabridged) (Unabridged)		Naomi Klein	Nonfiction, Politics	Blackstone Audio, Inc.	2017
Digital	OverDrive	EBOOK	2020	6	2	You're More Powerful than You Think: A Citizen's Guide to Making Change Happen		Eric Liu	Nonfiction, Politics	Hachette Digital, Inc.	2017
Digital	OverDrive	AUDIOBOOK	2020	6	4	United States of Socialism: Who's Behind It. Why It's Evil. How to Stop It. (unabridged) (Unabridged)		Dinesh D'Souza	Nonfiction, Politics	Macmillan Audio	2020
Digital	OverDrive	AUDIOBOOK	2020	6	5	The Socialist Manifesto: The Case for Radical Politics in an Era of Extreme Inequality (unabridged) (Unabridged)		Bhaskar Sunkara	Nonfiction, Politics	Blackstone Audio, Inc.	2019
Digital	OverDrive	AUDIOBOOK	2020	6	6	The Family: The Secret Fundamentalism at the Heart of American Power (unabridged) (Unabridged)		Jeff Sharlet	Nonfiction, Politics	HarperCollins Publishers Inc.	2009
Digital	OverDrive	AUDIOBOOK	2020	6	2	Socialism: An Economic and Sociological Analysis (unabridged) (Unabridged)		Ludwig von Mises	Nonfiction, Politics	Blackstone Audio, Inc.	2012
Digital	OverDrive	AUDIOBOOK	2020	6	4	Let the People Pick the President: The Case for Abolishing the Electoral College (unabridged) (Unabridged)		Jesse Wegman	Nonfiction, Politics	Macmillan Audio	2020
Digital	OverDrive	AUDIOBOOK	2020	6	12	Running Against the Devil: A Republican Strategist's Plot to Save America from Trump— and the Democrats from Themselves (unabridged) (Unabridged)		Rick Wilson	Nonfiction, Politics	Books on Tape	2020
Digital	OverDrive	EBOOK	2020	6	1	The Loud Minority: Why Protests Matter in American Democracy		Daniel Q. Gillion	Nonfiction, Politics	Princeton University Press	2020
Digital	OverDrive	AUDIOBOOK	2020	6	3	The Conscience of a Liberal (Unabridged)		Paul Krugman	Nonfiction, Politics	Books on Tape	2007
Digital	OverDrive	AUDIOBOOK	2020	6	4	It's Even Worse Than You Think: What the Trump Administration Is Doing to America (unabridged) (Unabridged)		David Cay Johnston	Nonfiction, Politics	Simon & Schuster - Audiobooks	2018
Digital	OverDrive	AUDIOBOOK	2020	6	6	Has Anyone Seen the President? (Unabridged)		Michael Lewis	Nonfiction, Politics	Simon & Schuster - Audiobooks	2018
Digital	OverDrive	AUDIOBOOK	2020	6	1	One Nation After Trump: A Guide for the Perplexed, the Disillusioned, the Desperate, and the Not-Yet Deported (unabridged) (Unabridged)		E.J. Dionne, Jr.	Nonfiction, Politics	Macmillan Audio	2017
Digital	OverDrive	EBOOK	2020	6	2	From Cold War to Hot Peace: An American Ambassador in Putin's Russia		Michael McFaul	Nonfiction, Politics	Houghton Mifflin Harcourt Trade and Reference	2018
Digital	OverDrive	EBOOK	2020	6	2	The Deep State: The Fall of the Constitution and the Rise of a Shadow Government		Mike Lofgren	Nonfiction, Politics	Penguin Group (USA), Inc.	2016
Digital	OverDrive	EBOOK	2020	6	1	The Future of Violence: Robots and Germs, Hackers and Drones?Confronting A New Age of Threat		Benjamin Wittes	Nonfiction, Politics	Hachette Digital, Inc.	2015
Digital	OverDrive	EBOOK	2020	6	1	When Google Met WikiLeaks		Julian  Assange	Nonfiction, Politics	Lightning Source Inc	2016
Digital	OverDrive	AUDIOBOOK	2020	6	18	The War on Normal People: The Truth About America's Disappearing Jobs and Why Universal Basic Income Is Our Future (unabridged) (Unabridged)		Andrew Yang	Nonfiction, Politics	Blackstone Audio, Inc.	2018
Digital	OverDrive	EBOOK	2020	6	1	The Roots of Obama's Rage		Dinesh D'Souza	Nonfiction, Politics	Perseus Books Group	2010
Digital	OverDrive	AUDIOBOOK	2020	6	2	Stop the Coming Civil War: My Savage Truth (unabridged) (Unabridged)		Michael Savage	Nonfiction, Politics	Blackstone Audio, Inc.	2014
Digital	OverDrive	EBOOK	2020	6	5	Shut It Down: Stories from a Fierce, Loving Resistance		Lisa Fithian	Nonfiction, Politics	Chelsea Green Publishing	2019
Digital	OverDrive	EBOOK	2020	6	1	The Year of Voting Dangerously: The Derangement of American Politics		Maureen Dowd	Nonfiction, Politics	Hachette Digital, Inc.	2016
Digital	OverDrive	AUDIOBOOK	2020	6	2	The CIA as Organized Crime: How Illegal Operations Corrupt America and the World (unabridged) (Unabridged)		Douglas Valentine	Nonfiction, Politics	Blackstone Audio, Inc.	2017
Digital	OverDrive	EBOOK	2020	6	1	Cypherpunks: Freedom and the Future of the Internet		Julian Assange	Nonfiction, Politics	OR Books LLC	2013
Digital	OverDrive	EBOOK	2020	6	2	War on Peace: The End of Diplomacy and the Decline of American Influence		Ronan Farrow	Nonfiction, Politics	W. W. Norton & Company	2018
Digital	OverDrive	EBOOK	2020	6	6	House of Trump, House of Putin: The Untold Story of Donald Trump and the Russian Mafia		Craig Unger	Nonfiction, Politics	Penguin Group (USA), Inc.	2018
Digital	OverDrive	EBOOK	2020	6	3	City on Fire: the fight for Hong Kong		Antony Dapiran	Nonfiction, Politics	Scribe Publications	2020
Digital	OverDrive	EBOOK	2020	6	10	The Communist Manifesto		Karl Marx	Nonfiction, Politics	Duke Classics	2020
Digital	OverDrive	EBOOK	2020	6	2	The Management of Savagery: How America's National Security State Fueled the Rise of Al Qaeda, ISIS, and  Donald Trump		Max Blumenthal	Nonfiction, Politics	Random House, Inc.	2019
Digital	OverDrive	EBOOK	2020	6	25	Strangers in Their Own Land: Anger and Mourning on the American Right		Arlie Russell Hochschild	Nonfiction, Politics	Lightning Source Inc	2016
Digital	OverDrive	EBOOK	2020	6	6	Let the People Pick the President: The Case for Abolishing the Electoral College		Jesse Wegman	Nonfiction, Politics	Macmillan Publishers	2020
Digital	OverDrive	AUDIOBOOK	2020	6	2	Supreme Ambition: Brett Kavanaugh and the Conservative Takeover (unabridged) (Unabridged)		Ruth Marcus	Nonfiction, Politics	Simon & Schuster - Audiobooks	2019
Digital	OverDrive	EBOOK	2020	6	1	Who Killed Berta Caceres?: The Murder of an Indigenous Defender and the Race to Save the Planet		Nina Lakhani	Nonfiction, Politics	Random House, Inc.	2020
Digital	OverDrive	EBOOK	2020	6	6	Proof of Conspiracy: How Trump's International Collusion Is Threatening American Democracy		Seth Abramson	Nonfiction, Politics	Macmillan Publishers	2019
Digital	OverDrive	EBOOK	2020	6	1	This Town		Mark Leibovich	Nonfiction, Politics	Penguin Group (USA), Inc.	2013
Digital	OverDrive	EBOOK	2020	6	1	An Imperfect Offering: Humanitarian Action for the Twenty-First Century		James Orbinski	Nonfiction, Politics	Bloomsbury USA	2011
Digital	OverDrive	AUDIOBOOK	2020	6	2	The Israel Lobby and U.S. Foreign Policy (Unabridged)		John J. Mearsheimer	Nonfiction, Politics	Macmillan Audio	2007
Digital	OverDrive	EBOOK	2020	6	1	The Politically Incorrect Guide to the Great Depression and the New Deal		Robert P. Murphy	Nonfiction, Politics	Simon & Schuster, Inc.	2010
Digital	OverDrive	AUDIOBOOK	2020	6	3	Code Red: How Progressives and Moderates Can Unite to Save Our Country (unabridged) (Unabridged)		E.J. Dionne, Jr.	Nonfiction, Politics	Macmillan Audio	2020
Digital	OverDrive	EBOOK	2020	6	3	Black Flags: The Rise of ISIS		Joby Warrick	Nonfiction, Politics	Random House, Inc.	2015
Digital	OverDrive	AUDIOBOOK	2020	6	4	Bullies: How the Left's Culture of Fear and Intimidation Silences Americans (unabridged) (Unabridged)		Ben Shapiro	Nonfiction, Politics	Tantor Media, Inc	2019
Digital	OverDrive	EBOOK	2020	6	4	We Have Not Been Moved: Resisting Racism and Militarism in 21st Century America		Elizabeth Betita Martínez	Nonfiction, Politics	Independent Publishers Group	2013
Digital	OverDrive	EBOOK	2020	6	2	The True Patriot		Eric Liu	Nonfiction, Politics	Random House, Inc.	2012
Digital	OverDrive	EBOOK	2020	6	5	The Conservative Sensibility		George F. Will	Nonfiction, Politics	Hachette Digital, Inc.	2019
Digital	OverDrive	EBOOK	2020	6	1	The Limousine Liberal: How an Incendiary Image United the Right and Fractured America		Steve Fraser	Nonfiction, Politics	Hachette Digital, Inc.	2016
Digital	OverDrive	EBOOK	2020	6	6	The New Class War: Saving Democracy from the Managerial Elite		Michael Lind	Nonfiction, Politics	Penguin Group (USA), Inc.	2020
Digital	OverDrive	EBOOK	2020	6	1	Social Security Works!: Why Social Security Isnt Going Broke and How Expanding It Will Help Us All		Nancy Altman	Nonfiction, Politics	Lightning Source Inc	2015
Digital	OverDrive	AUDIOBOOK	2020	6	4	Listen, Liberal: Or, What Ever Happened to the Party of the People? (unabridged) (Unabridged)		Thomas Frank	Nonfiction, Politics	Macmillan Audio	2016
Digital	OverDrive	EBOOK	2020	6	3	A Time to Build: From Family and Community to Congress and the Campus, How Recommitting to Our Institutions Can Revive the American Dream		Yuval Levin	Nonfiction, Politics	Hachette Digital, Inc.	2020
Digital	OverDrive	EBOOK	2020	6	1	The Seventeen Solutions: New Ideas for Our American Future		Ralph Nader	Nonfiction, Politics	HarperCollins Publishers Inc.	2012
Digital	OverDrive	EBOOK	2020	6	1	Firehouse		David Halberstam	Nonfiction, Politics	Hyperion	2013
Digital	OverDrive	EBOOK	2020	6	1	The Thomas Sowell Reader		Thomas Sowell	Nonfiction, Politics	Hachette Digital, Inc.	2011
Digital	OverDrive	EBOOK	2020	6	6	Because We Say So		Noam Chomsky	Nonfiction, Politics	Lightning Source Inc	2015
Digital	OverDrive	EBOOK	2020	6	2	Radicals for Capitalism: A Freewheeling History of the Modern American Libertarian Movement		Brian Doherty	Nonfiction, Politics	Hachette Digital, Inc.	2012
Digital	OverDrive	AUDIOBOOK	2020	6	2	We Are Indivisible: A Blueprint for Democracy After Trump (unabridged) (Unabridged)		Leah Greenberg	Nonfiction, Politics	Simon & Schuster - Audiobooks	2019
Digital	OverDrive	EBOOK	2020	6	1	The Master of Disguise: My Secret Life in the CIA		Antonio J. Mendez	Nonfiction, Politics	HarperCollins Publishers Inc.	2012
Digital	OverDrive	EBOOK	2020	6	1	Profiles in Corruption: Abuse of Power by America's Progressive Elite		Peter Schweizer	Nonfiction, Politics	HarperCollins Publishers Inc.	2020
Digital	OverDrive	EBOOK	2020	6	2	Top Secret America: The Rise of the New American Security State		William M. Arkin	Nonfiction, Politics	Hachette Digital, Inc.	2013
Digital	OverDrive	EBOOK	2020	6	2	Breaking Through Power: It's Easier Than We Think		Ralph Nader	Nonfiction, Politics	Lightning Source Inc	2016
Digital	OverDrive	AUDIOBOOK	2020	6	1	The War Within: A Secret White House History 2006-2008 (unabridged) (Unabridged)		Bob Woodward	Nonfiction, Politics	HighBridge Company	2015
Digital	OverDrive	AUDIOBOOK	2020	6	1	Politics (Unabridged)		Aristotle	Nonfiction, Politics	Blackstone Audio, Inc.	2008
Digital	OverDrive	EBOOK	2020	6	2	Trump and the American Future: Solving the Great Problems of Our Time		Newt Gingrich	Nonfiction, Politics	Hachette Digital, Inc.	2020
Digital	OverDrive	AUDIOBOOK	2020	6	1	Secret Empires: How the American Political Class Hides Corruption and Enriches Family and Friends (unabridged) (Unabridged)		Peter Schweizer	Nonfiction, Politics	HarperCollins Publishers Inc.	2018
Digital	OverDrive	EBOOK	2020	6	1	What It Means to Be a Libertarian: A Personal Interpretation		Charles Murray	Nonfiction, Politics	Random House, Inc.	2010
Digital	OverDrive	EBOOK	2020	6	2	The Big Sort: Why the Clustering of Like-Minded American is Tearing Us Apart		Bill Bishop	Nonfiction, Politics	Open Road Integrated Media	2012
Digital	OverDrive	AUDIOBOOK	2020	6	8	Locking Up Our Own: Crime and Punishment in Black America (unabridged) (Unabridged)		James Forman, Jr.	Nonfiction, Politics	Recorded Books, LLC	2020
Digital	OverDrive	EBOOK	2020	6	2	Rebel Cities: From the Right to the City to the Urban Revolution		David Harvey	Nonfiction, Politics	Random House, Inc.	2013
Digital	OverDrive	AUDIOBOOK	2020	6	5	The New Class War: Saving Democracy from the Managerial Elite (unabridged) (Unabridged)		Michael Lind	Nonfiction, Politics	Books on Tape	2020
Digital	OverDrive	AUDIOBOOK	2020	6	26	Front Row at the Trump Show (Unabridged)		Jonathan Karl	Nonfiction, Politics	Books on Tape	2020
Digital	OverDrive	EBOOK	2020	6	1	The Tyranny of Good Intentions: How Prosecutors and Law Enforcement Are Trampling the Constitution in the Name of Justice		Paul Craig Roberts	Nonfiction, Politics	Random House, Inc.	2010
Digital	OverDrive	AUDIOBOOK	2020	6	1	Billionaire at the Barricades: The Populist Revolution from Reagan to Trump (unabridged) (Unabridged)		Laura Ingraham	Nonfiction, Politics	Macmillan Audio	2017
Digital	OverDrive	AUDIOBOOK	2020	6	8	Will He Go?: Trump and the Looming Election Meltdown in 2020 (unabridged) (Unabridged)		Lawrence Douglas	Nonfiction, Politics	Hachette Audio	2020
Digital	OverDrive	EBOOK	2020	6	3	Listen, Liberal: Or, What Ever Happened to the Party of the People?		Thomas Frank	Nonfiction, Politics	Macmillan Publishers	2016
Digital	OverDrive	AUDIOBOOK	2020	6	3	The Conservative Sensibility (Unabridged)		George F. Will	Nonfiction, Politics	Blackstone Audio, Inc.	2019
Digital	OverDrive	AUDIOBOOK	2020	6	4	The World Is Flat: A Brief History of the Twenty-first Century (unabridged) (Unabridged)		Thomas L. Friedman	Nonfiction, Politics	Macmillan Audio	2015
Digital	OverDrive	EBOOK	2020	6	1	Arguing with Socialists		Glenn Beck	Nonfiction, Politics	Simon & Schuster, Inc.	2020
Digital	OverDrive	AUDIOBOOK	2020	6	3	The Big Lie: Exposing the Nazi Roots of the American Left (unabridged) (Unabridged)		Dinesh D'Souza	Nonfiction, Politics	Blackstone Audio, Inc.	2017
Digital	OverDrive	AUDIOBOOK	2020	6	1	American Carnage: On the Front Lines of the Republican Civil War and the Rise of President Trump (unabridged) (Unabridged)		Tim Alberta	Nonfiction, Politics	HarperCollins Publishers Inc.	2019
Digital	OverDrive	AUDIOBOOK	2020	6	1	The Gutfeld Monologues: Classic Rants from the Five (unabridged) (Unabridged)		Greg Gutfeld	Nonfiction, Politics	Simon & Schuster - Audiobooks	2018
Digital	OverDrive	EBOOK	2020	6	2	From Beirut to Jerusalem: Revised Edition		Thomas L. Friedman	Nonfiction, Politics	Macmillan Publishers	2013
Digital	OverDrive	AUDIOBOOK	2020	6	1	God & Man at Yale (Unabridged)		William F. Buckley	Nonfiction, Politics	Blackstone Audio, Inc.	2008
Digital	OverDrive	EBOOK	2020	6	1	La Ola Latina: Como los Hispanos Estan Transformando la Politica en los Estados Unidos		Jorge Ramos	Nonfiction, Politics	HarperCollins Publishers Inc.	2016
Digital	OverDrive	AUDIOBOOK	2020	6	2	RIP GOP: How the New America Is Dooming the Republicans (unabridged) (Unabridged)		Stanley B. Greenberg	Nonfiction, Politics	Macmillan Audio	2019
Digital	OverDrive	AUDIOBOOK	2020	6	2	Proof of Collusion: How Trump Betrayed America (unabridged) (Unabridged)		Seth Abramson	Nonfiction, Politics	Simon & Schuster - Audiobooks	2018
Digital	OverDrive	EBOOK	2020	6	15	Trumpocalypse: Restoring American Democracy		David Frum	Nonfiction, Politics	HarperCollins Publishers Inc.	2020
Digital	OverDrive	EBOOK	2020	6	3	Imperialism:  the Highest Stage of Capitalism: The Highest Stage of Capitalism		Vladimir Lenin	Nonfiction, Politics	ePenguin	2010
Digital	OverDrive	EBOOK	2020	6	3	DARK AGENDA: The War to Destroy Christian America		David Horowitz	Nonfiction, Politics	Lightning Source Inc	2019
Digital	OverDrive	AUDIOBOOK	2020	6	1	The Assault on Reason (Unabridged)		Al Gore	Nonfiction, Politics	Books on Tape	2007
Digital	OverDrive	EBOOK	2020	6	1	Republican Like Me: How I Left the Liberal Bubble and Learned to Love the Right		Ken Stern	Nonfiction, Politics	HarperCollins Publishers Inc.	2017
Digital	OverDrive	AUDIOBOOK	2020	6	15	Hiding in Plain Sight: The Invention of Donald Trump and the Erosion of America (unabridged) (Unabridged)		Sarah Kendzior	Nonfiction, Politics	Macmillan Audio	2020
Digital	OverDrive	EBOOK	2020	6	1	Our Divided Political Heart: The Battle for the American Idea in an Age of Discontent		E.J. Dionne Jr.	Nonfiction, Politics	Bloomsbury USA	2012
Digital	OverDrive	EBOOK	2020	6	1	The Party Is Over: How Republicans Went Crazy, Democrats Became Useless, and the Middle Class Got Shafted		Mike Lofgren	Nonfiction, Politics	Penguin Group (USA), Inc.	2013
Digital	OverDrive	AUDIOBOOK	2020	6	1	Wikileaks and the Age of Transparency (Unabridged)		Micah Sifry	Nonfiction, Politics	Spoken Word Inc.	2012
Digital	OverDrive	EBOOK	2020	6	2	Us vs. Them: The Failure of Globalism		Ian Bremmer	Nonfiction, Politics	Penguin Group (USA), Inc.	2018
Digital	OverDrive	EBOOK	2020	6	3	Escape from North Korea: The Untold Story of Asia's Underground Railroad		Melanie	Nonfiction, Politics	Lightning Source Inc	2014
Digital	OverDrive	EBOOK	2020	6	1	The Despot's Apprentice: Donald Trump's Attack on Democracy		Brian Klaas	Nonfiction, Politics	Simon & Schuster, Inc.	2017
Digital	OverDrive	AUDIOBOOK	2020	6	5	A Collective Bargain: Unions, Organizing, and the Fight for Democracy (unabridged) (Unabridged)		Jane McAlevey	Nonfiction, Politics	HarperCollins Publishers Inc.	2020
Digital	OverDrive	EBOOK	2020	6	3	A Collective Bargain: Unions, Organizing, and the Fight for Democracy		Jane McAlevey	Nonfiction, Politics	HarperCollins Publishers Inc.	2020
Digital	OverDrive	AUDIOBOOK	2020	6	2	The MAGA Doctrine: The Only Ideas That Will Win the Future (unabridged) (Unabridged)		Charlie Kirk	Nonfiction, Politics	HarperCollins Publishers Inc.	2020
Digital	OverDrive	AUDIOBOOK	2020	6	4	Profiles in Corruption: Abuse of Power by America's Progressive Elite (unabridged) (Unabridged)		Peter Schweizer	Nonfiction, Politics	HarperCollins Publishers Inc.	2020
Digital	OverDrive	EBOOK	2020	6	1	Handmaking America: A Back-to-Basics Pathway to a Revitalized American Democracy		Bill Ivey	Nonfiction, Politics	Lightning Source Inc	2012
Digital	OverDrive	EBOOK	2020	6	2	How Will Capitalism End?: Essays on a Failing System		Wolfgang Streeck	Nonfiction, Politics	Random House, Inc.	2017
Digital	OverDrive	EBOOK	2020	6	1	American Government 101: From the Continental Congress to the Iowa Caucus, Everything You Need to Know About US Politics		Kathleen Sears	Nonfiction, Politics	Simon & Schuster, Inc.	2017
Digital	OverDrive	AUDIOBOOK	2020	6	2	The Plot to Destroy Democracy: How Putin and His Spies Are Undermining America and Dismantling the West (unabridged) (Unabridged)		Malcolm Nance	Nonfiction, Politics	Blackstone Audio, Inc.	2018
Digital	OverDrive	AUDIOBOOK	2020	6	1	Knowledge and Power: The Information Theory of Capitalism and How It Is Revolutionizing Our World (unabridged) (Unabridged)		George Gilder	Nonfiction, Politics	Blackstone Audio, Inc.	2013
Digital	OverDrive	AUDIOBOOK	2020	6	1	American Manifesto: Saving Democracy from Villains, Vandals, and Ourselves (unabridged) (Unabridged)		Bob Garfield	Nonfiction, Politics	HighBridge Company	2020
Digital	OverDrive	EBOOK	2020	6	1	How the Right Lost Its Mind		Charles J. Sykes	Nonfiction, Politics	Macmillan Publishers	2017
Digital	OverDrive	EBOOK	2020	6	1	Pinheads and Patriots: Where You Stand in the Age of Obama		Bill O'Reilly	Nonfiction, Politics	HarperCollins Publishers Inc.	2010
Digital	OverDrive	AUDIOBOOK	2020	6	5	The Federalist Papers (Unabridged)		Alexander Hamilton	Nonfiction, Politics	Blackstone Audio, Inc.	2008
Digital	OverDrive	EBOOK	2020	6	1	Stop the Coming Civil War: My Savage Truth		Michael Savage	Nonfiction, Politics	Hachette Digital, Inc.	2014
Digital	OverDrive	AUDIOBOOK	2020	6	2	The Mueller Report (Unabridged)		The Washington Post	Nonfiction, Politics	Simon & Schuster - Audiobooks	2019
Digital	OverDrive	EBOOK	2020	6	26	American Prison: A Reporter's Undercover Journey into the Business of Punishment		Shane Bauer	Nonfiction, Politics	Penguin Group (USA), Inc.	2018
Digital	OverDrive	EBOOK	2020	6	5	A Citizen's Guide to Beating Donald Trump		David Plouffe	Nonfiction, Politics	Penguin Group (USA), Inc.	2020
Digital	OverDrive	AUDIOBOOK	2020	6	9	Donald Trump and His Assault on Truth: The President's Falsehoods, Misleading Claims and Flat-Out Lies (unabridged) (Unabridged)		The Washington Post Fact Checker Staff	Nonfiction, Politics	Simon & Schuster - Audiobooks	2020
Digital	OverDrive	AUDIOBOOK	2020	6	3	The People Are Going to Rise Like the Waters Upon Your Shore: A Story of American Rage (unabridged) (Unabridged)		Jared Yates Sexton	Nonfiction, Politics	HighBridge Company	2017
Digital	OverDrive	AUDIOBOOK	2020	6	3	Happy City: Transforming Our Lives Through Urban Design (unabridged) (Unabridged)		Charles Montgomery	Nonfiction, Politics	Tantor Media, Inc	2016
Digital	OverDrive	EBOOK	2020	6	1	BLITZ: Trump Will Smash the Left and Win		David Horowitz	Nonfiction, Politics	Lightning Source Inc	2020
Digital	OverDrive	EBOOK	2020	6	1	Right is Wrong: How the Lunatic Fringe Hijacked America, Shredded the Constitution, and Made Us All Less Safe		Arianna Huffington	Nonfiction, Politics	Random House, Inc.	2008
Digital	OverDrive	EBOOK	2020	6	2	The Rights of Man: Being an Answer to Mr. Burke's Attack on the French Revolution		Thomas Paine	Nonfiction, Politics	Duke Classics	2020
Digital	OverDrive	AUDIOBOOK	2020	6	2	The Fractured Republic: Renewing America's Social Contract in the Age of Individualism (unabridged) (Unabridged)		Yuval Levin	Nonfiction, Politics	Blackstone Audio, Inc.	2016
Digital	OverDrive	EBOOK	2020	6	1	Thieves of State: Why Corruption Threatens Global Security		Sarah Chayes	Nonfiction, Politics	W. W. Norton & Company	2015
Digital	OverDrive	AUDIOBOOK	2020	6	1	A More Perfect Union: What We the People Can Do to Reclaim Our Constitutional Liberties (unabridged) (Unabridged)		Ben Carson	Nonfiction, Politics	Books on Tape	2015
Digital	OverDrive	EBOOK	2020	6	2	Above the Law: The Inside Story of How the Justice Department Tried to Subvert President Trump		Matthew Whitaker	Nonfiction, Politics	Simon & Schuster, Inc.	2020
Digital	OverDrive	AUDIOBOOK	2020	6	1	Compassion Versus Guilt & Other Essays (Unabridged)		Thomas Sowell	Nonfiction, Politics	Blackstone Audio, Inc.	2007
Digital	OverDrive	EBOOK	2020	6	1	Walking with the Comrades		Arundhati Roy	Nonfiction, Politics	Penguin Group (USA), Inc.	2013
Digital	OverDrive	EBOOK	2020	6	1	Proof of Collusion: How Trump Betrayed America		Seth Abramson	Nonfiction, Politics	Simon & Schuster, Inc.	2018
Digital	OverDrive	AUDIOBOOK	2020	6	1	The Nationalist Revival: Trade, Immigration, and the Revolt Against Globalization (unabridged) (Unabridged)		John B. Judis	Nonfiction, Politics	Books on Tape	2018
Digital	OverDrive	EBOOK	2020	6	1	The End of America: Letter of Warning to a Young Patriot		Naomi Wolf	Nonfiction, Politics	Chelsea Green Publishing	2016
Digital	OverDrive	AUDIOBOOK	2020	6	2	Chatter: Uncovering the Echelon Surveillance Network and the Secret World of Global Eavesdropping (unabridged) (Unabridged)		Patrick Radden Keefe	Nonfiction, Politics	Books on Tape	2008
Digital	OverDrive	AUDIOBOOK	2020	6	7	The Signal and the Noise: Why So Many Predictions Fail but Some Don't (unabridged) (Unabridged)		Nate Silver	Nonfiction, Politics	Books on Tape	2014
Digital	OverDrive	AUDIOBOOK	2020	6	1	ISIS: Inside the Army of Terror (unabridged) (Unabridged)		Michael Weiss	Nonfiction, Politics	Dreamscape Media, LLC	2015
Digital	OverDrive	EBOOK	2020	6	1	The Russia Hoax: The Illicit Scheme to Clear Hillary Clinton and Frame Donald Trump		Gregg Jarrett	Nonfiction, Politics	HarperCollins Publishers Inc.	2018
Digital	OverDrive	EBOOK	2020	6	6	Trumpocracy: The Corruption of the American Republic		David Frum	Nonfiction, Politics	HarperCollins Publishers Inc.	2018
Digital	OverDrive	AUDIOBOOK	2020	6	4	Death of a Nation: Plantation Politics and the Making of the Democratic Party (unabridged) (Unabridged)		Dinesh D'Souza	Nonfiction, Politics	Macmillan Audio	2018
Digital	OverDrive	EBOOK	2020	6	1	Beautiful Trouble: A Toolbox for Revolution		Andrew Boyd	Nonfiction, Politics	OR Books LLC	2012
Digital	OverDrive	EBOOK	2020	6	1	Revolution 2.0: The Power of the People Is Greater Than the People in Power: A Memoir		Wael Ghonim	Nonfiction, Politics	Houghton Mifflin Harcourt Trade and Reference	2012
Digital	OverDrive	AUDIOBOOK	2020	6	4	Love Your Enemies: How Decent People Can Save America from the Culture of Contempt (unabridged) (Unabridged)		Arthur C. Brooks	Nonfiction, Politics	HarperCollins Publishers Inc.	2019
Digital	OverDrive	AUDIOBOOK	2020	6	4	Everything Trump Touches Dies (Unabridged)		Rick Wilson	Nonfiction, Politics	Simon & Schuster - Audiobooks	2018
Digital	OverDrive	EBOOK	2020	6	5	Politics Is for Power: How to Move Beyond Political Hobbyism, Take Action, and Make Real Change		Eitan Hersh	Nonfiction, Politics	Simon & Schuster, Inc.	2020
Digital	OverDrive	EBOOK	2020	6	3	What It Takes: The Way to the White House		Richard Ben Cramer	Nonfiction, Politics	Open Road Integrated Media	2013
Digital	OverDrive	EBOOK	2020	6	1	It's Even Worse Than It Looks: How the American Constitutional System Collided with the New Politics of Extremism		Thomas E. Mann	Nonfiction, Politics	Hachette Digital, Inc.	2016
Digital	OverDrive	EBOOK	2020	6	3	Code Red: How Progressives and Moderates Can Unite to Save Our Country		E.J. Dionne, Jr.	Nonfiction, Politics	Macmillan Publishers	2020
Digital	OverDrive	AUDIOBOOK	2020	6	1	The Rise of the Fourth Reich: The Secret Societies That Threaten to Take Over America (unabridged) (Unabridged)		Jim Marrs	Nonfiction, Politics	Tantor Media, Inc	2008
Digital	OverDrive	EBOOK	2020	6	17	The New Jim Crow: Mass Incarceration in the Age of Colorblindness		Michelle Alexander	Nonfiction, Politics	Perseus Books Group	2010
Digital	OverDrive	EBOOK	2020	6	2	Unfreedom of the Press		Mark R. Levin	Nonfiction, Politics	Simon & Schuster, Inc.	2019
Digital	OverDrive	AUDIOBOOK	2020	6	1	Run for Something: A Real-Talk Guide to Fixing the System Yourself (unabridged) (Unabridged)		Amanda Litman	Nonfiction, Politics	Simon & Schuster - Audiobooks	2017
Digital	OverDrive	AUDIOBOOK	2020	6	7	A Citizen's Guide to Beating Donald Trump (Unabridged)		David Plouffe	Nonfiction, Politics	Books on Tape	2020
Digital	OverDrive	AUDIOBOOK	2020	6	1	The Story of Stuff: How Our Obsession with Stuff Is Trashing the Planet, Our Communities and Our Health —and a Vision for Change (unabridged) (Unabridged)		Annie Leonard	Nonfiction, Politics	Recorded Books, LLC	2015
Digital	OverDrive	EBOOK	2020	6	2	What's the Matter with Kansas?: How Conservatives Won the Heart of America		Thomas Frank	Nonfiction, Politics	Macmillan Publishers	2013
Digital	OverDrive	EBOOK	2020	6	1	The Intimidation Game: How the Left Is Silencing Free Speech		Kimberley Strassel	Nonfiction, Politics	Hachette Digital, Inc.	2016
Digital	OverDrive	AUDIOBOOK	2020	6	1	They Know Everything About You: How Data-Collecting Corporations and Snooping Government Agencies Are Destroying Democracy (unabridged) (Unabridged)		Robert Scheer	Nonfiction, Politics	Gildan Media Corp	2015
Digital	OverDrive	AUDIOBOOK	2020	6	3	A Time to Build: From Family and Community to Congress and the Campus, How Recommitting to Our Institutions Can Revive the American Dream (unabridged) (Unabridged)		Yuval Levin	Nonfiction, Politics	Blackstone Audio, Inc.	2020
Digital	OverDrive	AUDIOBOOK	2020	6	1	Winner-Take-All Politics: How Washington Made the Rich Richer—and Turned Its Back on the Middle Class (unabridged) (Unabridged)		Jacob S. Hacker	Nonfiction, Politics	Tantor Media, Inc	2011
Digital	OverDrive	AUDIOBOOK	2020	6	5	The Good Immigrant: 26 Writers Reflect on America (unabridged) (Unabridged)		Nikesh Shukla	Nonfiction, Politics	Hachette Audio	2019
Digital	OverDrive	EBOOK	2020	6	10	Information Wars: How We Lost the Global Battle Against Disinformation and What We Can Do About It		Richard Stengel	Nonfiction, Politics	Lightning Source Inc	2020
Digital	OverDrive	AUDIOBOOK	2020	6	1	Sold Out: How High-Tech Billionaires & Bipartisan Beltway Crapweasels Are Screwing America's Best & Brightest Workers (unabridged) (Unabridged)		Michelle Malkin	Nonfiction, Politics	Simon & Schuster - Audiobooks	2015
Digital	OverDrive	AUDIOBOOK	2020	6	1	Unspeakable: Chris Hedges on the Most Forbidden Topics in America (unabridged) (Unabridged)		Chris Hedges	Nonfiction, Politics	Author's Republic	2016
Digital	OverDrive	AUDIOBOOK	2020	6	1	The True Story of the Bilderberg Group (Unabridged)		Daniel Estulin	Nonfiction, Politics	Dreamscape Media, LLC	2011
Digital	OverDrive	EBOOK	2020	6	2	A More Perfect Union: What We the People Can Do to Reclaim Our Constitutional Liberties		Ben Carson, MD	Nonfiction, Politics	Penguin Group (USA), Inc.	2015
Digital	OverDrive	EBOOK	2020	6	1	Still Broken: A Recruit's Inside Account of Intelligence Failures, from Baghdad to the Pentagon		A. J. Rossmiller	Nonfiction, Politics	Random House, Inc.	2008
Digital	OverDrive	EBOOK	2020	6	1	Utopia: On the Best State of a Republic and on the New Island of Utopia		Sir Thomas More	Nonfiction, Politics	Duke Classics	2012
Digital	OverDrive	AUDIOBOOK	2020	6	9	Trumpocalypse: Restoring American Democracy (unabridged) (Unabridged)		David Frum	Nonfiction, Politics	HarperCollins Publishers Inc.	2020
Digital	OverDrive	AUDIOBOOK	2020	6	3	Russian Roulette: The Inside Story of Putin's War on America and the Election of Donald Trump (unabridged) (Unabridged)		Michael Isikoff	Nonfiction, Politics	Blackstone Audio, Inc.	2018
Digital	OverDrive	EBOOK	2020	6	3	America the Vulnerable: Inside the New Threat Matrix of Digital Espionage, Crime, and Warfare		Joel Brenner	Nonfiction, Politics	Penguin Group (USA), Inc.	2013
Digital	OverDrive	AUDIOBOOK	2020	6	4	The Plot to Betray America: How Team Trump Embraced Our Enemies, Compromised Our Security, and How We Can Fix It (unabridged) (Unabridged)		Malcolm Nance	Nonfiction, Politics	Blackstone Audio, Inc.	2019
Digital	OverDrive	EBOOK	2020	6	1	The Second World: Empires and Influence in the New Global Order		Parag Khanna	Nonfiction, Politics	Random House, Inc.	2008
Digital	OverDrive	EBOOK	2020	6	2	Where We Go from Here		Bernie Sanders	Nonfiction, Politics	Macmillan Publishers	2018
Digital	OverDrive	AUDIOBOOK	2020	6	2	Change We Can Believe In: Barack Obama's Plan to Renew America's Promise (unabridged) (Unabridged)		Obama for Change	Nonfiction, Politics	Books on Tape	2008
Digital	OverDrive	EBOOK	2020	6	1	Perfectly Legal: The Covert Campaign to Rig Our Tax System to Benefit the Super Rich--and Cheat Everybody Else		David Cay Johnston	Nonfiction, Politics	Penguin Group (USA), Inc.	2013
Digital	OverDrive	EBOOK	2020	6	2	Das Kapital: A Critique of Political Economy		Karl Marx	Nonfiction, Politics	Simon & Schuster, Inc.	2014
Digital	OverDrive	EBOOK	2020	6	1	The Return of the Primitive: The Anti-Industrial Revolution		Ayn Rand	Nonfiction, Politics	Penguin Group (USA), Inc.	2013
Digital	OverDrive	EBOOK	2020	6	2	Future Primitive Revisited		John Zerzan	Nonfiction, Politics	Lightning Source Inc	2012
Digital	OverDrive	EBOOK	2020	6	2	The Black Presidency: Barack Obama and the Politics of Race in America		Michael Eric Dyson	Nonfiction, Politics	Open Road Integrated Media	2016
Digital	OverDrive	EBOOK	2020	6	1	Resistance Is Futile!: How the Trump-Hating Left Lost Its Collective Mind		Ann Coulter	Nonfiction, Politics	Penguin Group (USA), Inc.	2018
Digital	OverDrive	EBOOK	2020	6	4	Seeing Like a State: How Certain Schemes to Improve the Human Condition Have Failed		James C. Scott	Nonfiction, Politics	Yale University Press	2018
Digital	OverDrive	EBOOK	2020	6	2	Russian Roulette: The Inside Story of Putin's War on America and the Election of Donald Trump		Michael Isikoff	Nonfiction, Politics	Hachette Digital, Inc.	2018
Digital	OverDrive	AUDIOBOOK	2020	6	7	Un-Trumping America: A Plan to Make America a Democracy Again (unabridged) (Unabridged)		Dan Pfeiffer	Nonfiction, Politics	Blackstone Audio, Inc.	2020
Digital	OverDrive	EBOOK	2020	6	28	Hiding in Plain Sight: The Invention of Donald Trump and the Erosion of America		Sarah Kendzior	Nonfiction, Politics	Macmillan Publishers	2020
Digital	OverDrive	EBOOK	2020	6	4	United States of Socialism: Who's Behind It. Why It's Evil. How to Stop It.		Dinesh D'Souza	Nonfiction, Politics	Macmillan Publishers	2020
Digital	OverDrive	EBOOK	2020	6	1	How the Other Half Lives		Jacob A. Riis	Nonfiction, Politics	Penguin Group (USA), Inc.	2013
Digital	OverDrive	EBOOK	2020	6	1	Dismantling America: and other controversial essays		Thomas Sowell	Nonfiction, Politics	Hachette Digital, Inc.	2011
Digital	OverDrive	EBOOK	2020	6	4	American Conservatism: Reclaiming an Intellectual Tradition		Andrew J. Bacevich	Nonfiction, Politics	Random House, Inc.	2020
Digital	OverDrive	EBOOK	2020	6	1	Cyber War: The Next Threat to National Security and What to Do About It		Richard A. Clarke	Nonfiction, Politics	HarperCollins Publishers Inc.	2010
Digital	OverDrive	EBOOK	2020	6	1	Towards Collective Liberation: Anti-Racist Organizing, Feminist Praxis, and Movement Building Strategy		Chris Crass	Nonfiction, Politics	Independent Publishers Group	2017
Digital	OverDrive	EBOOK	2020	6	1	Capitalism: The Unknown Ideal		Ayn Rand	Nonfiction, Politics	Penguin Group (USA), Inc.	2013
Digital	OverDrive	AUDIOBOOK	2020	6	2	Trumpocracy: The Corruption of the American Republic (unabridged) (Unabridged)		David Frum	Nonfiction, Politics	HarperCollins Publishers Inc.	2018
Digital	OverDrive	EBOOK	2020	6	1	Change We Can Believe In: Barack Obama's Plan to Renew America's Promise		Obama for Change	Nonfiction, Politics	Random House, Inc.	2008
Digital	OverDrive	EBOOK	2020	6	6	Rules for Radicals: A Pragmatic Primer for Realistic Radicals		Saul Alinsky	Nonfiction, Politics	Random House, Inc.	2016
Digital	OverDrive	EBOOK	2020	6	5	The Socialist Manifesto: The Case for Radical Politics in an Era of Extreme Inequality		Bhaskar Sunkara	Nonfiction, Politics	Hachette Digital, Inc.	2019
Digital	OverDrive	AUDIOBOOK	2020	6	9	American Prison: A Reporter's Undercover Journey into the Business of Punishment (unabridged) (Unabridged)		Shane Bauer	Nonfiction, Politics	Books on Tape	2018
Digital	OverDrive	AUDIOBOOK	2020	6	5	The Prince (Unabridged)		Niccolò Machiavelli	Nonfiction, Politics	Blackstone Audio, Inc.	2008
Digital	OverDrive	AUDIOBOOK	2020	6	1	Bill of Wrongs: The Executive Branch's Assault on America's Fundamental Rights (unabridged) (Unabridged)		Molly Ivins	Nonfiction, Politics	Books on Tape	2007
Digital	OverDrive	EBOOK	2020	6	3	Blueprint for Revolution: How to Use Rice Pudding, Lego Men, and Other Nonviolent Techniques to Galvanize Communities, Overthrow Dictators, or Simply Change the World		Srdja Popovic	Nonfiction, Politics	Random House, Inc.	2015
Digital	OverDrive	AUDIOBOOK	2020	6	2	The Accidental Superpower: The Next Generation of American Preeminence and the Coming Global Disorder (unabridged) (Unabridged)		Mr. Peter Zeihan	Nonfiction, Politics	Hachette Audio	2015
Digital	OverDrive	EBOOK	2020	6	2	Resistance (At All Costs): How Trump's Critics Are Breaking America		Kimberley Strassel	Nonfiction, Politics	Hachette Digital, Inc.	2019
Digital	OverDrive	EBOOK	2020	6	2	Becoming a Citizen Activist: Stories, Strategies & Advice for Changing Our World		Nick Licata	Nonfiction, Politics	Random House, Inc.	2016
Digital	OverDrive	AUDIOBOOK	2020	6	4	Dismantling America: and Other Controversial Essays (unabridged) (Unabridged)		Thomas Sowell	Nonfiction, Politics	Blackstone Audio, Inc.	2010
Digital	OverDrive	AUDIOBOOK	2020	6	2	Gaslighting America: Why We Love It When Trump Lies to Us (unabridged) (Unabridged)		Amanda Carpenter	Nonfiction, Politics	Tantor Media, Inc	2018
Digital	OverDrive	AUDIOBOOK	2020	6	1	Common Ground: How to Stop the Partisan War That Is Destorying America (unabridged) (Unabridged)		Cal Thomas	Nonfiction, Politics	HarperCollins Publishers Inc.	2007
Digital	OverDrive	AUDIOBOOK	2020	6	1	Stealing America: What My Experience with Criminal Gangs Taught Me About Obama, Hillary, and the Democratic Party (unabridged) (Unabridged)		Dinesh D'Souza	Nonfiction, Politics	HarperCollins Publishers Inc.	2015
Digital	OverDrive	EBOOK	2020	6	20	American Nations: A History of the Eleven Rival Regional Cultures of North America		Colin Woodard	Nonfiction, Politics	Penguin Group (USA), Inc.	2011
Digital	OverDrive	EBOOK	2020	6	1	The Conservative Soul: How We Lost It, How to Get It Back		Andrew Sullivan	Nonfiction, Politics	HarperCollins Publishers Inc.	2007
Digital	OverDrive	EBOOK	2020	6	2	America: Imagine a World without Her		Dinesh D'Souza	Nonfiction, Politics	Simon & Schuster, Inc.	2014
Digital	OverDrive	EBOOK	2020	6	2	Democracy Matters: Winning the Fight Against Imperialism		Cornel West	Nonfiction, Politics	Penguin Group (USA), Inc.	2013
Digital	OverDrive	EBOOK	2020	6	16	The War on Normal People: The Truth About America's Disappearing Jobs and Why Universal Basic Income Is Our Future		Andrew Yang	Nonfiction, Politics	Hachette Digital, Inc.	2018
Digital	OverDrive	AUDIOBOOK	2020	6	2	Crisis of Character: A White House Secret Service Officer Discloses His Firsthand Experience with Hillary, Bill, and How They Operate (unabridged) (Unabridged)		Gary J. Byrne	Nonfiction, Politics	Hachette Audio	2016
Digital	OverDrive	AUDIOBOOK	2020	6	1	The American Bible (Unabridged)		Stephen Prothero	Nonfiction, Politics	HarperCollins Publishers Inc.	2012
Digital	OverDrive	EBOOK	2020	6	1	That Used to Be Us: How America Fell Behind in the World It Invented and How We Can Come Back		Thomas L. Friedman	Nonfiction, Politics	Macmillan Publishers	2013
Digital	OverDrive	AUDIOBOOK	2020	6	1	The Case Against Free Speech: The First Amendment, Fascism, and the Future of Dissent (unabridged) (Unabridged)		P. E. Moskowitz	Nonfiction, Politics	Blackstone Audio, Inc.	2019
Digital	OverDrive	EBOOK	2020	6	2	Why Civil Resistance Works: The Strategic Logic of Nonviolent Conflict		Erica Chenoweth	Nonfiction, Politics	Lightning Source Inc	2017
Digital	OverDrive	EBOOK	2020	6	1	Leviathan: The Matter, Forme, & Power of a Common-Wealth Ecclesiastical and Civill		Thomas Hobbes	Nonfiction, Politics	Duke Classics	2012
Digital	OverDrive	EBOOK	2020	6	1	Retirement Heist: How Corporations Plunder and Profit from the Nest-Eggs of American Workers		Ellen E. Schultz	Nonfiction, Politics	Penguin Group (USA), Inc.	2011
Digital	OverDrive	EBOOK	2020	6	1	Gaslighting America: Why We Love It When Trump Lies to Us		Amanda Carpenter	Nonfiction, Politics	HarperCollins Publishers Inc.	2018
Digital	OverDrive	AUDIOBOOK	2020	6	2	This Town: Two Parties and a Funeral-Plus, Plenty of Valet Parking!-in America's Gilded Capital (unabridged) (Unabridged)		Mark Leibovich	Nonfiction, Politics	Recorded Books, LLC	2016
Digital	OverDrive	EBOOK	2020	6	3	The Good Immigrant: 26 Writers Reflect on America		Chimene Suleyman	Nonfiction, Politics	Hachette Digital, Inc.	2019
Digital	OverDrive	EBOOK	2020	6	1	The Mueller Report: The Final Report of the Special Counsel into Donald Trump, Russia, and Collusion		Robert S. Mueller	Nonfiction, Politics	Simon & Schuster, Inc.	2019
Digital	OverDrive	AUDIOBOOK	2020	6	1	Politics Lost: How American Democracy Was Trivialized By People Who Think You're Stupid (unabridged) (Unabridged)		Joe Klein	Nonfiction, Politics	Books on Tape	2006
Digital	OverDrive	EBOOK	2020	6	1	Standing Up to the Madness: Ordinary Heroes in Extraordinary Times		Amy Goodman	Nonfiction, Politics	Hachette Digital, Inc.	2008
Digital	OverDrive	EBOOK	2020	6	4	Road Map for Revolutionaries: Resistance, Activism, and Advocacy for All		Elisa Camahort Page	Nonfiction, Politics	Random House, Inc.	2020
Digital	OverDrive	EBOOK	2020	6	2	Green Is the New Red: An Insider's Account of a Social Movement Under Siege		Will Potter	Nonfiction, Politics	Lightning Source Inc	2012
Digital	OverDrive	EBOOK	2020	6	1	The Once and Future Worker: A Vision for the Renewal of Work in America		Oren Cass	Nonfiction, Politics	Lightning Source Inc	2018
Digital	OverDrive	EBOOK	2020	6	1	The Declaration of Independents: How Libertarian Politics Can Fix What's Wrong with America		Nick Gillespie	Nonfiction, Politics	Hachette Digital, Inc.	2012
Digital	OverDrive	EBOOK	2020	6	2	The Plot to Destroy Democracy: How Putin's Spies Won Control of America and Will Now Dismantle the West		Malcolm Nance	Nonfiction, Politics	Hachette Digital, Inc.	2018
Digital	OverDrive	EBOOK	2020	6	1	Showdown: Inside the Obama White House		David Corn	Nonfiction, Politics	HarperCollins Publishers Inc.	2012
Digital	OverDrive	EBOOK	2020	6	3	LikeWar: The Weaponization of Social Media		P. W. Singer	Nonfiction, Politics	Houghton Mifflin Harcourt Trade and Reference	2018
Digital	OverDrive	EBOOK	2020	6	2	The Big Lie: Exposing the Nazi Roots of the American Left		Dinesh D'Souza	Nonfiction, Politics	Simon & Schuster, Inc.	2017
Digital	OverDrive	AUDIOBOOK	2020	6	2	Deep State: Trump, the FBI, and the Rule of Law (unabridged) (Unabridged)		James B. Stewart	Nonfiction, Politics	Books on Tape	2019
